{"cameraMode":{"drawMode":0,"name":"Shaded","section":"Shading Mode"},"sceneLighting":true,"audioPlay":false,"sceneViewState":{"m_AlwaysRefresh":false,"showFog":true,"showSkybox":true,"showFlares":true,"showImageEffects":true,"showParticleSystems":true,"showVisualEffectGraphs":true,"m_FxEnabled":true},"in2DMode":false,"pivot":{"x":0.7223098278045654,"y":0.8588189482688904,"z":-0.2474491000175476},"rotation":{"x":0.0022004968486726286,"y":0.9221362471580505,"z":0.005248331930488348,"w":-0.38683265447616579},"size":1.5512124300003052,"orthographic":false}