{"cameraMode":{"drawMode":0,"name":"Shaded","section":"Shading Mode"},"sceneLighting":true,"audioPlay":false,"sceneViewState":{"m_AlwaysRefresh":false,"showFog":true,"showSkybox":true,"showFlares":true,"showImageEffects":true,"showParticleSystems":true,"showVisualEffectGraphs":true,"m_FxEnabled":true},"in2DMode":false,"pivot":{"x":0.3715638816356659,"y":0.979239821434021,"z":0.6468337774276733},"rotation":{"x":-0.005647875834256411,"y":0.992793619632721,"z":-0.10795088857412338,"w":-0.051870085299015048},"size":0.4383314251899719,"orthographic":false}