{"cameraMode":{"drawMode":0,"name":"Shaded","section":"Shading Mode"},"sceneLighting":true,"audioPlay":false,"sceneViewState":{"m_AlwaysRefresh":false,"showFog":true,"showSkybox":true,"showFlares":true,"showImageEffects":true,"showParticleSystems":true,"showVisualEffectGraphs":true,"m_FxEnabled":true},"in2DMode":false,"pivot":{"x":0.5450164079666138,"y":0.671434760093689,"z":-0.7158965468406677},"rotation":{"x":0.003163687651976943,"y":0.9955382347106934,"z":-0.08714103698730469,"w":0.036154381930828097},"size":1.0928949117660523,"orthographic":false}